1,5,841,5,ehcsegilrgdrutibokt
2,2,674,3,rrmrjoolbthgf
3,1,363,10,mdqelfyfqrmfgbxkrf
4,2,193,6,nxxpfmnisutdbddj
5,8,670,3,waxjowwohyfjqw
6,9,937,10,fuacfgrogmwywqkob
7,3,796,9,sqrdnhwing
8,1,533,7,skjnyxxsvpcndjes
9,7,128,10,mspsjhaicbu
10,6,52,4,uyoruadfxwvckqcpnx
11,10,224,7,ugqnnpxwprxjpsneeaf
12,10,328,6,fafcabvfwoxdwmv
13,1,138,9,bpuprwcgoslgfkqsmi
14,6,781,8,rfpwlkfaepujxdmt
15,7,959,7,gwwrdbiyjqkwiswatq
16,3,902,4,npkkfkddqwvby
17,4,27,7,cdjmsgrnpdbaju
18,6,396,5,csjhrtdpiro
19,3,540,2,tgbqcgsvylwcimilpi
20,10,163,4,ikyoouwuqr
21,5,39,2,caonenbnlccn
22,4,47,9,qmprhurdaujyhnpsn
23,7,176,8,edikterghwcgf
24,3,245,2,mmjhwwvnup
25,9,533,7,xxqqludpdouwpvoo
26,8,107,1,olrvxoejkmljqoryqv
27,7,98,1,liufcogfauuqdfl
28,5,275,1,vomkxfksuswq
29,4,330,1,xokwtphekow
30,9,576,3,rfmjplymtx
31,6,227,6,tqtfelroklarwa
32,6,924,5,oboouxojvhhyxn
33,7,685,2,bacrqoquiukpfbqqnsm
34,2,416,3,xhyrfgcynjbwj
35,3,630,6,dvxkigjtbpagj
36,8,502,5,uhmnbclddlclqln
37,6,648,7,axppqvuknvyxxwrdx
38,6,605,3,xxuyisffgss
39,9,77,10,ghjmihlgowmkjav
40,5,373,10,bovnrwgkcelhnuuwbp
41,5,311,5,wiqbloxlcoaluyymvbn
42,5,541,4,dnpeefrdnpcggoin
43,7,530,8,iugtbupcfnhh
44,2,399,8,ncoblsgvyhya
45,2,702,1,xolttrrpealapqk
46,1,186,1,lmrlptbodlouiwsiaw
47,9,905,6,mskbmxvsdacwyu
48,7,479,2,onierspynbms
49,2,794,8,vqjjsutdsjus
50,7,836,3,hheghdwoipfjhupdu
51,2,572,7,hkuntraldjpapnlgwj
52,6,454,9,qnefbnvbyiwuy
53,10,688,5,vukeoujrikljw
54,1,715,3,qppabcriaf
55,2,869,8,avdfpjgvrnikawra
56,7,402,1,mgpixufbphdfhxeu
57,10,501,3,lnrigaamyjhto
58,10,209,10,lpcurjgrwesuywfsab
59,3,660,6,ydsnkgvycqdpboqtnx
60,8,474,1,docvbbyrlcwh
61,10,931,4,drqfykcwtg
62,7,973,7,mdeyidlgjop
63,2,406,2,qbprwepovjqypuaf
64,2,553,5,thupiuryainiijfsbf
65,8,526,7,vdujoyausscij
66,6,74,8,krktigeeqwpjoe
67,8,290,10,yootoxtuqkntontgv
68,5,759,9,xmnalwwkkpxvfdly
69,1,156,4,kejcasissgpfpmimixc
70,5,959,2,rqsmcuvwikokaa
71,5,283,4,ksfppahsifflqow
72,4,634,3,uapyjcgtyvjqphy
73,10,766,2,mimitfvthk
74,3,414,1,xqpapjxequbbuxdmwg
75,9,605,8,fhwfmvosqdrcoma
76,8,271,5,eehamdiixydukbq
77,5,528,5,qtylvuowbsat
78,10,870,10,sgcdbhlajxfbvvyf
79,4,855,5,iommjlnhyaybkpuav
80,9,850,6,ogornbglyenq
81,9,423,7,hokeqbqopg
82,5,919,6,lswvbsskaebixmtlw
83,7,347,5,vxponwjkod
84,5,914,8,cloiagwdximhydisgc
85,2,318,8,ifggjqjhbjabalv
86,6,973,1,jkteicwcmxhqu
87,5,894,7,mtoyfoumsy
88,5,565,7,efiewxruhgllcapsh
89,8,399,6,bxddnjhebqyr
90,1,78,2,gpymuhsyefrdghhqdl
91,1,649,9,grvrpmmgkglss
92,7,358,10,yddatkbhiotqdotegv
93,1,96,9,nopijduhinttfatddy
94,9,806,2,pwifgfxuxtuaifivm
95,3,769,5,yeouljnseyjihux
96,6,526,1,itdgfpbksgdcgwnu
97,9,947,8,ucoglnuekxscnvgfl
98,10,881,3,cfsjjyptqadihqnbnrt
99,3,404,3,afjpxfqqpnjcywijo
100,7,768,3,swvuxylxpt
101,2,837,8,dhfyhbxkoqguqis
102,9,329,7,rialghpkyfo
103,2,150,3,ilkixeiawbxelppgo
104,5,927,7,yntpwucxtotdjct
105,8,314,9,fdtopbbenuqmqyr
106,9,501,7,kaghabyfivnje
107,9,668,8,mirnouknblsjfdcsecd
108,1,407,3,irwwjxmlastrrkv
109,2,589,2,xgguerehcextk
110,5,864,5,mbfuupuvgtvjwwgoxuf
111,9,864,2,vrxjskdxotpcxhnw
112,5,783,2,exfylfbdjkslalavwmh
113,10,116,2,engahinbmrwhhirmqn
114,8,503,9,skfcjkajggadadva
115,2,376,5,ykbsgcnnsuxledmb
116,3,675,3,susmvhrhcr
117,7,11,10,ibgpmjxfaglqokdvthb
118,7,722,9,cyfmwdywttgvua
119,6,452,10,ftwvswulsojiohywi
120,6,836,7,bawbvcycorl
121,6,930,3,nauumekbgwwgudqby
122,5,841,6,evmwlxxioc
123,10,414,5,wpyreoaqxetfughvbm
124,4,439,7,kuabwooaxyvwf
125,7,155,9,ercgvrcrtmueygobcfn
126,8,279,9,varjggrffjgnymu
127,1,612,2,jbcmybgtlqexppq
128,6,778,1,bwknvlxwgvrpu
129,2,670,1,glbxyqrdtecrjgqh
130,9,140,10,hkaqsrgtttangmpvg
131,4,848,9,cfqxxuwdrotdrdlj
132,2,410,6,tglgypbykuspjv
133,3,343,6,qmxcivnlxxiikh
134,4,426,9,cmwgbserrsdgmdamyaw
135,3,60,5,uhlmdqvmlpnhidw
136,9,706,7,jloyroelnpailrwm
137,9,399,8,bwpfeehohnmpanyysd
138,7,175,1,wtyvvkiqqblx
139,7,304,10,hekcohxwmxwsnv
140,7,55,4,uywosqgtbvw
141,1,696,10,sqokjuktvbhhx
142,6,954,10,yyofcetfueaenjb
143,4,929,2,wkdreftrbwrstj
144,1,628,9,rfuajpmwhkbwnowtyhh
145,6,590,4,chybkuofonkfu
146,1,93,4,aycjgjupblam
147,9,750,4,dyoxddeibbvsxsyovu
148,1,841,10,wadqbrurqawq
149,8,949,3,boirjtrxshhucks
150,3,400,3,hgausvgwnfawxcqs
151,2,521,2,eofjsminqqv
152,4,742,1,ihkbicterqpy
153,9,986,10,yotjgbboggr
154,6,522,5,uoyddiuvxhlh
155,2,59,1,unkhcisimy
156,5,589,3,yopvlngwepwdmqxpprw
157,3,808,3,ioxidiegfviyuav
158,9,328,2,lescdbhhnjtaqdnh
159,6,500,4,vglnweesdbewwbsgbe
160,4,505,2,eoxfonnkfjffymh
161,7,747,8,eyjhhtoboacevxdqbwf
162,2,736,4,nkexcugbekfbl
163,10,233,8,qakcpfnurr
164,10,790,1,kfqdgqpwjdgawhi
165,10,719,4,sfosxyjhejalail
166,1,716,9,rvtnqyybitjd
167,1,868,2,lmtbwuomxplsrgygrhy
168,4,669,1,mlaajxwphwkwqucq
169,5,153,3,fkwanontrtvql
170,10,575,10,wvnwdpkwssyyve
171,4,600,8,wmsbstxxqirngjoobp
172,3,998,9,bogqqdlleqihii
173,8,380,5,lggxelcjlepmejgub
174,9,826,7,kjdddocarrdcacgwn
175,4,782,4,hidaaktbxs
176,7,859,8,oiqsohbaymhlrdbyn
177,6,57,8,hewfnjlcsjppvfknhpg
178,7,793,8,ymkeoklatwqmqmeif
179,2,608,3,efnbxrwurxgrvnf
180,9,963,8,rmdsnpfgsf
181,2,668,4,kvhprjtegaeqaut
182,4,139,10,qwpxbavxoyqwnmylgmo
183,4,672,9,kyeblpwqmudte
184,7,509,3,rcgqhmejxyke
185,8,601,5,gobcekqprfmbde
186,7,586,7,qwjanpblydixkuvs
187,7,738,10,qldhsqvektmaofosntm
188,10,637,2,wjcsdorgpbyhs
189,3,929,2,bigjoscbjmcsmddtaqu
190,5,985,1,pyikktekamrfaih
191,4,500,4,fxwmtwxchxrht
192,1,373,7,qywvcdkrvqxgqgdu
193,3,42,8,axfkllsbqc
194,9,432,7,wwknytltpgfg
195,5,55,9,jftucdftshnjslkjc
196,8,624,3,wbccgrmtpqjlgurum
197,4,280,2,lybhrjxerbs
198,3,30,5,ycmrbvdulina
199,10,65,4,pyfcxxrewto
200,10,830,1,vdykgipnskbxu
201,10,495,8,hsqvrgbmabwqnkvaa
202,3,401,2,cxewyaabwh
203,5,165,4,forjkfihrw
204,5,572,9,mjpjxljqbjdpf
205,2,43,8,bncynjfnmhhrv
206,2,781,8,xnfcwpbnkhixxnts
207,3,35,10,wdfbxyrksemroirro
208,10,77,1,ucaidwjprtkh
209,9,193,7,whhvosovaed
210,5,243,7,hbqecxlhvj
211,4,683,3,knkqhufmbvg
212,9,567,9,buwjfnxcytvvbdrf
213,3,562,2,imqnctaenseyrnrs
214,6,629,5,bvffkugklfgx
215,3,582,4,tjkmcckyhohb
216,8,209,7,hkyqfsfpmlprwc
217,3,141,6,xvgawlelmqjwjko
218,10,310,5,abwcapqmepisrudfdt
219,2,348,10,lugwwdnvwhjb
220,2,984,2,kacthccycdfg
221,10,657,2,kijnilsjfaiyr
222,8,902,7,wpechdpraqkcu
223,3,169,2,rmpoglwpsnpe
224,2,996,8,sqsamwlqwxbjtjyaso
225,10,659,1,alctyjofbsa
226,7,715,7,yirejcdvretlard
227,2,252,2,jsxwiuwggtmkkxqnm
228,10,209,5,htnpxvpamryefw
229,1,460,8,iyfnmyucui
230,2,871,2,efcwveqeclowjl
231,4,838,10,onxfaobtmelyfhm
232,10,653,6,lmdqsyobvlmhtx
233,6,780,5,rrtsnnaukd
234,4,597,5,etbncqexgbdh
235,3,618,3,oryljngqbhovc
236,9,835,6,ldxxforfbhf
237,7,687,6,hxbyonekmjwac
238,4,90,1,dbjsyamonwocofm
239,4,823,3,dalvwgchhnnnnriyec
240,8,175,6,xtnrepvudmlvpaka
241,4,309,5,ltfrvinvrnrkiqk
242,8,870,4,rjqwffifowic
243,2,25,1,rqcbknswpaoyg
244,9,90,1,vdainyxiiwkrj
245,5,198,8,ecotcwfrxappl
246,8,797,3,tbejgmtkhdwkfqqgbqm
247,5,972,1,spwgdmjkpsnuvkapotc
248,3,970,10,sptxmcdtrdc
249,8,461,7,mfgdkknhsuw
250,9,19,9,lbeevtldjyhkcxe
251,8,804,9,aywpxttgnopcgg
252,5,157,5,nhvavetmrldokmjkb
253,6,314,7,wbiqnvfmdvmijhw
254,10,419,8,rwkyxsbgxtadkr
255,10,220,4,vloucagmokjwf
256,4,478,8,wvuotflnqgohpr
257,4,652,8,bjhobxmpnfcslgw
258,8,148,10,yolcyntdbbafs
259,3,297,1,ecpchobtiubdm
260,7,96,8,jfqrrcbdbsvecvggc
261,6,31,4,gnexjyserwanmy
262,1,260,4,dhwwcvuhkew
263,6,615,10,rkndeuwtdkhcfgw
264,6,38,2,lmqluleicxeadxj
265,8,598,1,yfchxoikdww
266,7,702,10,urmtpnrfwfh
267,6,418,9,weqyilikujgphh
268,8,958,3,xjvxyboxcpieax
269,9,634,10,grdnpxxobekivbuxp
270,9,113,2,vdxkmbdmaulbque
271,8,441,7,hhkmukdaqnuyghgpcgy
272,1,994,6,qecxurltwlqolhwntjm
273,9,718,3,rprslqncuictpjkyun
274,3,374,8,kdfcdhcfnspqocyjbb
275,4,279,9,pnemcspwwp
276,6,402,4,tqritdqfrecbckas
277,4,895,10,wqumdcmtarkhb
278,2,251,1,ijoefkbyncpbkk
279,3,869,7,xplubyanhttom
280,4,126,3,xogcmywxeg
281,8,102,3,qbhjonycic
282,3,380,4,dnjqykycura
283,6,92,2,pssfmjvubhl
284,6,349,3,jghqulavptwwjtvkuw
285,10,45,5,albgiraevmnyqjpkp
286,9,68,6,kpomtplrand
287,7,368,5,vjmmntipwhtnhnqofy
288,10,488,3,qtklrrqpwvgme
289,4,614,10,pqneulureopvkqjuh
290,7,45,1,xahmlseigu
291,9,224,3,kgkflognmnlysly
292,8,511,1,vwrjmrclrybfrbnblow
293,9,586,1,jgxyosipluaosqc
294,1,567,1,kcplgqbgoeabpxqglkn
295,8,636,5,pfvancavpjxhrmxv
296,3,321,8,xpqschqtfgud
297,5,602,8,alaquyrmkyvuw
298,9,939,6,rvsuiiptwtgkhcrni
299,10,10,5,opmxeupehexblvlon
300,1,239,3,dltgertqvfnsh
301,6,32,5,jghmhgmgnnfed
302,4,130,3,jpgwvdmhhwinrtiw
303,3,744,8,hawnvaaucv
304,2,305,9,ljddnyywdcukstkhc
305,2,104,5,dodbnnvgujwigrxadlq
306,3,364,1,ovjkjusadpymwac
307,7,881,10,riamvnqtrrpvcmjlqr
308,4,446,3,rogdxgpqisgcg
309,8,23,5,miongoqxnew
310,6,36,10,smugpukdctoqse
311,10,175,7,evtlvfvckbx
312,8,90,1,wrqabmvcdllms
313,3,119,1,vrimohwxqenaa
314,2,639,5,bdlwuruobpwpor
315,2,236,10,hqpnyfxqtgqsobopn
316,7,502,1,bxhewvrfyblqaus
317,8,555,3,slopoxkxhgpsq
318,7,216,4,nysyupsjkkbalew
319,1,136,10,lfkvcjxpctqysriqgw
320,4,241,5,eoxhgvrwsejjywhvi
321,10,751,10,tesgxuwotuwufjo
322,7,715,5,tuvacrcqthvy
323,1,236,10,vfhwwxjniwxedjqj
324,3,311,5,ttncerjheeukyt
325,3,634,8,ekyoaejbymumojrg
326,10,71,9,lftcdmuingjgtec
327,3,910,8,kkgeodscxvamviejtks
328,10,653,9,uxmiyaxyhrlvgte
329,7,68,7,qyohsblxjdifq
330,2,639,5,uahrcmjwqfagoo
331,4,422,9,qybququubrqlmoiuyqf
332,9,108,5,ecrlrlrnbjkvtkgxwg
333,7,351,5,xyyupryongp
334,9,881,7,qghnbfgbympoe
335,3,194,5,jxaubsioblegjtcpj
336,8,779,5,kbxrhjjbicdd
337,4,693,8,naytreumqyjg
338,3,798,8,csfdnnmonqqlwawr
339,7,800,10,kojijmwawgeggwpvesj
340,3,978,9,phypxsnmkjcatcoesd
341,10,216,10,hcavhovkmfqdvurijrc
342,3,935,8,rasuawanasitigvgjj
343,8,836,3,qybqonbtrxcm
344,1,50,1,kyunnyhapbflmujutj
345,4,165,2,fanuekgmwefrdbouw
346,9,117,9,ogvyjngnldpfa
347,1,452,9,diuijeeucqyakeue
348,2,906,8,cbabibjdsimh
349,8,624,4,ppswdlhtifijaapfr
350,9,702,2,ctkqquacavjxxmpnb
351,4,888,10,irvnodkmcw
352,9,514,5,quijwfolqknvnfab
353,3,770,8,lgfgdkkgxmm
354,10,917,1,lqfgxkfhfxbirav
355,3,569,3,fywtrmaoiktoap
356,5,258,6,qbsgjmhbxegaguryxau
357,6,732,5,qmrrabpckw
358,6,549,2,yehiupcbgcljnyhp
359,10,901,3,mmajqlrtxksdl
360,8,849,10,bsinypereivuxkm
361,10,659,10,eooukgmwcacuopn
362,10,466,2,rpcblnnutxsjr
363,1,971,6,mucyfklkdrikgo
364,7,24,4,ximtyuaomukorpboa
365,1,386,5,nxmoewbuufcnw
366,1,955,4,hokquawtexkujyevv
367,6,454,1,lfppfjmpbrqbvn
368,6,722,8,cohudourxsjw
369,3,913,2,bbfoobmprcpixunrfw
370,10,358,4,oapxllyeepbi
371,10,449,10,vtawbeyayukqx
372,1,30,8,bqywtjsaaibvw
373,9,778,10,ufutligkolprkwj
374,7,706,8,ceenkvnfkkrbbvd
375,7,375,9,srnjlfpebkl
376,3,467,8,dgdrmcvyrlfmmlyhkml
377,4,746,2,nimxsehultmaa
378,4,660,9,ccilqutaucaec
379,4,380,5,lxmcifrolkcwsxktowi
380,8,489,8,sfhbvilfjyshuly
381,4,876,1,elfjmhwoumvppep
382,2,952,3,pyltueshren
383,6,121,5,gkehnertwvrehnat
384,2,94,2,mbjrjqfwlpi
385,6,570,9,pruukftadc
386,2,71,7,ppqqfqcngnbiyp
387,9,316,7,uixuvgvlakekbd
388,2,548,1,rwkgdequhmue
389,3,788,6,nfeqqgfltfe
390,2,58,3,qimjguqovdhrnp
391,6,246,1,baygfsudnqeqit
392,1,818,4,lfsjnvaefpruqn
393,7,27,8,utmqmxqhkmxvlgdwst
394,8,74,9,udlwnfjatfjommjm
395,8,307,6,eanagjwynfbqnbttj
396,8,723,9,nxkeannxheeqesuwd
397,1,624,9,eldortjhky
398,10,956,5,djcfrrolcllacvle
399,4,979,2,umynsfwtxhfiycmjwsp
400,4,799,6,upffnmjosdrokxusnp
401,2,443,4,nykwuwrakb
402,5,751,3,jxsrnobbwxs
403,7,287,4,mqnabcpplnljvgr
404,7,478,3,wumtbhqjuywrbjddggg
405,3,944,4,ptpsxxhkqgp
406,8,753,2,nucxxqrknxobikx
407,8,966,1,agqwtyjfocasxyjiie
408,6,246,1,vqvlyarmdtfcflc
409,8,203,7,ymopyokbkuprutko
410,3,929,3,ewcirjegrbibavcf
411,1,511,2,mtagqyvrmfy
412,5,568,8,rdhoibjthrbdq
413,6,431,4,cgtholovcyqudqa
414,10,465,9,pvrnwvaikl
415,3,417,7,dpktcsjoxvpiuasau
416,3,175,8,jvgfcuqcxpbhiutvqd
417,9,789,10,nogkpghueyhuugqovkl
418,3,849,1,pdvrisaouyhhvfohbqr
419,6,140,10,jojnmxguhkdujft
420,2,652,1,yiujthshdpenapywupu
421,5,976,7,xicxdklfcvxthho
422,9,414,7,vgolddlsoaqmq
423,2,117,8,hbtsiepcwukotvrxgln
424,9,302,7,sapojjwsoj
425,9,499,3,qfpkaekfxvlcm
426,4,135,6,hwwpchkosxtau
427,8,700,6,lcwkvohygb
428,2,943,10,bhtyjovfbqkef
429,9,847,5,tjewabgydcrveeign
430,1,23,4,xbrfxyndnyrdkgdgq
431,9,991,2,nwffigetwynegt
432,9,150,1,mtkbbhdxmhyfgrjvvg
433,7,620,5,kmpeinrhgypkeq
434,4,904,5,uaomaridwcfeyva
435,4,836,3,uwipqybmshticqn
436,4,67,9,ccqxdpmtvxrtism
437,4,658,9,pprjhyktapaqwp
438,7,378,3,drlwuorswpcltey
439,2,747,8,xwoayknvmnwgtxun
440,2,897,1,fljsyscpefqmv
441,5,792,1,gsutheqhxuruqyacp
442,7,385,6,goexwdkgyfdemm
443,2,553,2,raevwjwfhd
444,4,781,3,dgoddwyalvwcy
445,7,219,3,lgifwwytad
446,6,658,3,hstoboycpyrlndmgspr
447,6,895,2,bfpympbvxggntd
448,9,467,1,aryruhiqndppwfvkm
449,6,525,1,kekaesoebna
450,9,313,8,vnbkamgaensnudux
451,1,524,2,vbqbhxbsooajammfjr
452,10,435,10,vxsgridovxobeywq
453,6,712,7,kyuhvxflsqo
454,3,27,3,mtgdsvxkfwqhx
455,3,65,8,risivyixgmnlyrqaew
456,7,764,9,htqpbmoklv
457,5,333,4,ckqcsacfiaa
458,8,490,2,ocqfunkcioogiix
459,10,551,7,dqdaqqctprlpl
460,5,691,2,rtgweinlrsug
461,3,498,1,lnjvunccmexahcvmjvw
462,9,207,10,yncqqdttedyekkfe
463,8,511,2,ipukinmycmrbsyfwq
464,4,44,4,tlrsqspcahgntq
465,6,885,9,thpuvmkigyvfbdh
466,1,561,2,dogdrnijbcrjlohkuen
467,3,407,10,ibrpnqxfhcbqdcfs
468,8,581,7,mjlrwogdjhjt
469,10,841,4,rufyjmgxurkwb
470,3,582,10,imkwncrgrpk
471,4,12,4,tdhdgcsilxnwfbwjby
472,4,637,6,iqqrqhocbllhuhcyr
473,4,476,6,vhwcrlaofvdvo
474,1,323,10,hpusauhahv
475,10,464,3,yrlwyvupnp
476,6,391,6,grxuyogqgxdsqdsbvt
477,8,749,4,ubgjqogjujesogao
478,3,120,1,rmwopduybxdmphcym
479,3,676,2,puipxtqosnujui
480,9,424,1,suapgyufbcljugi
481,7,321,9,dxsstyuvwmddqoys
482,6,618,1,eqypoqukgrovcsodfiu
483,5,125,5,ftshhnntqwguxe
484,9,721,4,wprhppmmuusehasupe
485,10,169,1,qnoinggguiqhn
486,9,839,1,ihngelsgdsbgbsmroes
487,9,758,6,fykbevpteop
488,10,439,2,kxaewukadetdohypxht
489,3,540,10,kadigqspcyjspfthki
490,5,81,4,xpjysbshghmvbdidk
491,2,615,4,nimjxekhmmcwnkh
492,7,162,3,eemghkdlrkoyqnxiqlf
493,8,603,8,iffevnfxnmf
494,9,300,2,mndenjnivsgwvhcv
495,2,286,2,asjcfknibc
496,4,147,8,gbwvolpmglhq
497,3,43,1,tbevxdtnkrtv
498,6,420,9,steaykvkwkubsvae
499,9,506,10,sdlfhseauui
500,2,901,7,bkkniimecolerlhbv
501,9,302,2,diaisnbtdyypix
502,2,699,9,fbijlbkehhib
503,2,758,4,kgegommesdcihckv
504,3,640,5,qjeyswhfxnp
505,4,967,1,mxhehxvkiyskglorx
506,9,273,7,xjafojvfcxht
507,7,577,6,mkojiqivdfjvfgpnh
508,4,185,3,uhupxmuloee
509,4,330,8,eiremsytwayevyfugn
510,6,393,9,lgoiheatlwwdlyayi
511,4,506,9,vdrlqoiktjlgqiyfpc
512,5,463,4,xxqkxswlmkgfyxpgrxl
513,5,659,1,pqrldftouiuqido
514,8,783,8,ydoosamgqshcavwi
515,4,228,7,rwttlrqfylenycntqug
516,2,227,10,fsyedjuygysxenavl
517,10,545,8,mpfvyovonki
518,9,496,6,jtkfegpckrqxkndujfi
519,6,498,7,wmhgtceabyedrhnl
520,4,458,5,xjxtgchimbuqaci
521,1,299,2,ptpogevacsoosryhwwb
522,4,317,1,hlpcflhgortccstobtw
523,5,330,9,ocyfupaukeuwjbgebm
524,6,132,1,ljjavpbfxgky
525,6,777,9,btfbdebpwbhohivb
526,10,517,3,jskxeyoujel
527,3,983,7,cwvgoqthgia
528,6,864,7,nviaxjyaetpdaujmrt
529,2,526,9,urhneqatclrdpl
530,1,669,7,ddykkuusvxlxrmrlpbu
531,1,37,3,raittwnecfm
532,3,148,1,ockkxqmlhgp
533,4,787,1,ahliatcuxyy
534,1,730,8,qucdotcbeejfjvvhf
535,1,293,1,tylouoylri
536,4,865,5,rrswvxrqkcejhyvdiiq
537,6,672,8,rqwptmngdy
538,1,631,3,sqinlwqtgwueq
539,6,383,2,tvcpeiptkt
540,1,341,9,fthwtglwshayan
541,2,246,10,gtgyxxyeuyuw
542,3,638,1,crofqjqytlok
543,5,735,3,fgrkclvxhbfwbx
544,8,407,10,tmcivdtuhvyvnaxn
545,10,418,9,stkqoamppjldr
546,7,181,5,igobjtjgqf
547,8,855,4,jejaukgvberk
548,8,520,1,biqbfaeery
549,9,25,3,iiacecjupjpglpx
550,5,372,9,kfntdybxbtqbh
551,8,603,10,jrlsmxqhter
552,8,610,3,urhklasgyyiqbfe
553,4,735,9,xevrlxgfqigvc
554,3,779,2,rrdxnkixycmokrwy
555,6,951,4,epwudyqnntxcjokwjcy
556,5,413,4,jpymbwlpwklmbyey
557,5,458,3,ripwegjlkbnqhtflnb
558,4,972,6,hnlemgnaig
559,9,214,7,yuyvcvnsvj
560,1,380,10,irloamsiibhwvvqlay
561,10,902,8,ambqevefawcyuodcw
562,3,21,9,gahlvrkggakwofsuya
563,8,286,7,augionuxbybiwhxa
564,5,406,1,dyxqpifkkkscirnnccj
565,9,300,9,jwlakwvydqe
566,6,397,5,yjfelfxniiuynexrv
567,4,888,7,kgbooceokl
568,6,619,6,vcqxovdhlktvui
569,6,835,8,oygrjhrrbcxlufcuem
570,1,154,1,fggcqriclp
571,8,369,4,rgnkgmokyvhdfbccy
572,3,227,9,lgqhpisllyjfikii
573,9,885,3,xubneiyffocere
574,7,33,8,twkixurolg
575,6,335,2,vdihoklubwpvfwr
576,9,601,3,qamnqxfcrqbmh
577,9,956,6,tmmumfspuqbmx
578,10,78,1,kyqiqodqxc
579,8,792,1,aktalkwxhisbnlp
580,7,412,7,nvkgghitkmvxc
581,8,227,6,amiwbdvbvqthnqofog
582,2,180,5,eauhximfpex
583,8,823,3,gqnkloaqdabnn
584,3,754,1,alssqckyvaaav
585,9,502,2,ciyndcpeghgbhluwci
586,10,271,1,tspeamswkhxu
587,10,873,9,xgrnverarqfubdwcpyi
588,5,868,8,bhlyyqrjtv
589,4,608,10,vnvieknicqi
590,1,702,6,vgvnjvpsrxskuk
591,1,682,6,cabouyhausaxtthsuv
592,1,732,1,libdmcmjcslki
593,5,844,6,vmyqmbxwkhgfi
594,6,725,1,uqawgbhnehe
595,8,56,10,mevxqylilpotjd
596,3,120,8,kjbkljjtogjkttvnnrt
597,3,747,3,xkwrgbbaddrt
598,8,252,3,piemtqehdow
599,3,691,3,rhsdbgrsaas
600,2,56,4,ifnpmtfvwopiknktdn
601,9,779,4,kxpwhrbswe
602,3,454,3,pwhqtrwceyvtfvs
603,6,347,4,yltfctqitow
604,9,279,10,yjxjdbywhldcah
605,6,855,1,dexgaxvtafhpnqv
606,3,444,4,nrerkoyvphybpbiuko
607,3,40,6,nklyawqdktt
608,1,547,8,gwhauoauahbqsgurah
609,6,57,2,lebryeghpqifxhgbws
610,8,939,5,uygdsrnhjergocfrqul
611,4,467,6,dondeafbwdytsg
612,6,407,2,ortdsesqrmidesykq
613,7,58,5,cuoigkhotemb
614,8,649,1,jvhidcvnkh
615,2,711,5,rnnykvxthocbopc
616,9,227,4,ptnltjlxnjmdujpiy
617,4,43,9,siykkwnorokimnlqdmt
618,3,968,4,vnotdaewedmn
619,2,901,10,hcluanccybfnqk
620,7,356,9,rmiimlbuca
621,6,976,5,iapltwtswrltylxet
622,2,377,1,qwgvigxblk
623,3,62,7,tbsvygbttadfjamv
624,3,946,6,kmigjxulukmgoofvbej
625,10,878,9,qhwfjcwchgyvnsyp
626,9,433,2,kfrputueqsg
627,7,620,5,rnciunquxuhv
628,1,378,3,vkyffuymeqnyfww
629,5,290,2,kvnejhcteuwbnsi
630,10,833,6,tvthyoviyvxlaulbx
631,2,880,10,pclutxbstyqqjydu
632,2,60,10,twygeonnelqgsxl
633,1,542,7,xpxebbqgatuj
634,9,566,3,mlushqghcon
635,6,64,10,ngjbpcbylso
636,5,959,10,pdlbxclxubmavt
637,4,590,7,ubncvvqltgrrep
638,1,141,7,vwjgngtwfkktbmnw
639,7,823,3,abyncwafjdarbw
640,7,660,6,hdtwirvtpplbdy
641,4,411,4,quurelorddusop
642,6,764,8,qvudxhewrevjujd
643,1,554,8,vtsiyocpheswsv
644,8,994,7,ucdxlnogmcjfka
645,7,518,6,versqfsasedayig
646,8,536,3,xecthbbyfj
647,8,901,9,nfjpjjmraxrgiwxpk
648,6,795,9,ajyoxovvvtmmms
649,8,606,10,spcwtmxcrqixegoln
650,2,133,6,iycokyoskvnmtawnvf
651,7,708,8,swhkxjjtoxmla
652,4,410,5,bbiuqudnmcwbqbjxb
653,8,308,7,pbchsvvmapntpvffad
654,3,339,6,yccmlbbefuotsrcxk
655,2,175,5,gdyffvkcfrmbyb
656,9,185,1,ouftjwqvdhbv
657,6,776,4,baljwiafkjxkwtnnmpx
658,6,92,8,unkjosjswh
659,7,14,6,vdlpjblgcbwligc
660,10,708,6,uqcarnboegns
661,1,420,6,mwajjbqenhyqnnskw
662,4,257,3,mnxcsqvxerjv
663,2,611,4,smrbbjqnoonrmjbii
664,4,410,9,qrxvjgqekq
665,7,129,5,thrbhqlwmov
666,7,589,3,puvxxyienrwxiri
667,4,119,9,ertuencvefvbhc
668,4,242,3,udqmgjveelfbmhdi
669,6,369,4,wgtknbvnshogty
670,2,961,8,gqfvfvxqedpmypki
671,10,319,9,ctfhlubfhtghejdy
672,7,213,2,wikaarctcfviabobdyc
673,10,794,5,qisdhadvkl
674,4,349,4,uvfjpxdtvebjw
675,4,801,6,avolwaumngve
676,9,719,1,itgrlilkhwgkrqoxrpj
677,6,747,9,yfldgxrhbduqub
678,6,80,9,dnujjxceumet
679,3,582,10,lwmekedgyliipky
680,1,320,4,kwssywpnryws
681,5,150,2,ryqlfomffttsxbmambt
682,3,489,6,jdcvbscttlbaev
683,7,184,3,yelaphcjmdvjirivd
684,5,865,10,ninqodllwbav
685,10,800,4,turddnwsglxgpvj
686,4,593,8,manbyusdaineb
687,2,451,7,xubxcaabqiegadye
688,4,312,3,ycftdtmftrkwkr
689,10,764,7,aohkbonunrl
690,3,94,1,yppxpcsilrrfubcln
691,2,951,6,xikdllrslty
692,9,395,5,mkjkrsjhhe
693,7,673,6,ecfiqnaoiavirmbf
694,6,548,2,uqqwcfvnkbjew
695,3,265,4,cksrxusrds
696,2,435,10,uprgbpkuopuadw
697,3,899,1,xelsmmjomb
698,6,220,6,jjnqxifcyghgoechqtg
699,6,107,6,qceltgarvvnvlbsm
700,5,702,8,hkfjygmpynk
701,8,863,5,npuonxchhftknh
702,2,607,5,opaoxaadlsmmfwtib
703,7,997,9,nvpguivaaqjvepbobd
704,3,230,4,kbaiuxxkeuotix
705,4,316,8,nibnyuoryvyualqu
706,6,742,7,eqbfvsdojnap
707,5,442,3,jyajfwdkjqajjrbbvxq
708,8,839,10,ympluhdoeenovu
709,10,135,9,xlsrpxtibypkx
710,9,152,3,aqcwbvarylrmkdkxjea
711,4,774,5,eharsdgomvequfg
712,5,623,1,fjdatahhncvv
713,10,452,1,qbhwnekkmcxl
714,6,845,7,rikqkhxvkwx
715,6,539,4,fhsscceignyvp
716,4,11,3,ahpmpcfvqlkdejx
717,7,94,6,fcrohrvpbqx
718,2,536,3,rkeqdmwptrxhipuse
719,6,301,10,kilormjhkfgjeftxc
720,2,597,6,kctqbiheeq
721,2,83,9,jlvmbwddcbpvkicx
722,7,688,10,sskqvbwrtl
723,6,709,8,mhgexwuqjydptohuwhc
724,3,724,3,wvtjbvoqbhnfqup
725,10,363,9,xacynoxqhpt
726,1,522,9,cavaipjqha
727,7,863,3,gwhjutgihbexlvpgf
728,8,961,7,aaspfvsoautwcjpm
729,9,383,10,sgqvjudxptdkgigwhs
730,1,469,10,lvbvqadvkbbigj
731,5,716,10,pfinrfaaexerat
732,2,750,10,nonfrwreqgc
733,4,350,8,xsamynmruoplkmsdxfr
734,8,424,7,dfrejncmttoy
735,9,196,10,rivapfnblcgfu
736,5,25,4,rgqqitefmhxmpk
737,10,788,4,xgiadgjvvnodxtrugic
738,2,78,4,dvvatogeun
739,10,912,2,rpwxeqwyyswhrav
740,2,314,5,rbjfabrwadmhuojow
741,1,94,10,psydcbpinq
742,8,872,5,jrvkbsxfkenk
743,10,800,9,nsasfxvbmomdocacjf
744,1,419,6,xdrawqagcvf
745,6,604,3,vadqopppncsv
746,9,490,7,krhyqunrpyqlrfcgqpc
747,9,324,1,rwlugvxihigptusqeg
748,4,149,10,dqrmeyjucuwnsx
749,5,294,9,asxglihsrhsxjwp
750,9,390,9,mdxqrsrmepbyoxhqua
751,5,85,1,vabfdqepkoq
752,10,562,3,djqecgyttum
753,5,940,9,uawvhsglxnwvewwbl
754,6,963,6,wrxexbhfvapfcfmfwa
755,1,214,3,gkfnwivxtgb
756,7,348,2,grubfgsajbs
757,6,49,1,koqobmptyhwimsorsgs
758,2,719,5,ribcxxhxgwjvh
759,10,99,10,xckxvjgamknxdrjvmut
760,8,789,10,ggaoyuqmxjyue
761,3,78,5,yawfxxelpmuntluyuno
762,4,459,9,ijiasfgqdusrfasokfr
763,2,857,5,pqfnggbnvjqgpgpys
764,4,380,1,quomlddfap
765,2,303,5,lijxufvoixfurueh
766,8,694,3,ujtanhyuhlu
767,3,564,4,ccesbcqvkyplelos
768,5,981,3,wlergeusdjdt
769,5,595,5,oedmdgwvqxulcnr
770,1,252,5,ahtssdiukcbod
771,6,56,10,aroddbewsxhaiww
772,8,473,2,mwgylyhoqfksehy
773,2,800,9,cuoyaqbayitr
774,4,847,9,kkinudejgw
775,5,508,4,rkhjelopswaujhgve
776,8,121,9,vglkbrdnbbc
777,1,809,7,bkkthobdlphnukncc
778,5,913,7,fqoxvqqlffdonh
779,5,151,4,pjueylifavsrulp
780,4,582,7,qbdeyynwpiahbtp
781,1,219,6,kxgitabylnbd
782,5,531,1,jeeqbnekvydtdgfv
783,10,694,8,dqswetkcet
784,3,911,7,thxvwkkqkuq
785,8,220,2,sfigdafiemnk
786,7,108,9,ccbjsmuamfcgp
787,7,358,9,ovvjphachgrq
788,6,37,5,elpbrcgevhkhdm
789,4,813,8,jeerfsqkatrnmmtwb
790,1,435,7,urfjcanhmfmpqvmfjbc
791,2,49,1,vgncyyrkbdeif
792,5,167,5,adlovsjcbhkripekhjr
793,7,447,4,yrlcsxmxgskrj
794,8,711,3,bldhwmlserdxkwrlwq
795,5,658,2,jmlkatdjgdfgjqdtd
796,5,846,6,rqdximagwleqsevr
797,4,354,9,gjxikwqrkd
798,2,955,9,qiyufkelvgtoyjlva
799,8,70,8,wcfpgwcvajdyv
800,9,964,5,scmbdivgbxi
801,10,43,7,cgtxlymeaymfpw
802,7,892,8,yndbovhjaxssitv
803,6,908,4,inwafxbtqg
804,3,847,10,ljtmuiegwy
805,2,49,6,tkipaudbkwepkqn
806,6,423,9,pycsieclliypoakudc
807,8,772,9,shkfnlicipynnhelhkf
808,10,733,2,lfniagjenko
809,2,896,10,xppusjamqnlqehntxnj
810,4,350,2,rnlgpuphri
811,5,718,9,whjuumaddoqee
812,6,908,1,exadauhucyar
813,3,631,1,ffmorjaaxrdnecrnq
814,1,890,8,tmyflpqekgt
815,4,753,4,amudftrengfpeeqf
816,7,895,4,iwpiaxxaydrlqlwh
817,9,862,5,hhcxacvurs
818,4,371,6,hwfrdojppplisoxd
819,7,198,4,wftlklwqrwsrhuuch
820,10,338,6,msuygeekefogvtbc
821,5,789,3,opgqjuolweolsumqoqx
822,8,343,6,dtbiyysrpdyttvhqdnr
823,2,521,4,xpvxelrukvstvlstnfd
824,9,624,9,yeqakkubhdpnowsr
825,10,66,2,mttcsllxfjalgtxt
826,6,641,10,ecpfjtqmxysoesiaytf
827,3,709,5,utfrqqmpmgqsrd
828,4,262,4,wdsjfuxpxg
829,1,703,3,rnxcmlxdeml
830,8,894,8,dkqmujovcidimjdlvsm
831,1,850,5,epxisprmvjgai
832,3,816,1,pcqvtbyxajqshi
833,10,756,5,ggqljquoirhqhbiv
834,4,541,3,nhorvxnasqrpbweprom
835,10,655,3,pjjjiifjlyvuhnjih
836,8,571,6,brnwealaxtxkdglsu
837,6,374,8,hqsvbblifknrwllpr
838,2,518,2,xhhiqdqcptaipx
839,2,141,3,pwnoarynuslph
840,4,297,4,hmkobxguaddrcbxtbp
841,3,716,10,pjxwfylylu
842,8,756,3,xobsvxqoopewgtodmk
843,6,618,9,uftaulwwlrdaofy
844,10,210,9,mbcujhnnqfxneth
845,9,611,7,vkskypttfeqb
846,1,93,10,jripgjgfirmxnhsaia
847,6,743,6,kusnsakyxuirixhc
848,1,942,8,yllbytmlyhphnhlujyt
849,3,201,3,rmiqnoaooynxy
850,6,441,6,hoanjjeaevaqubedkbf
851,7,122,5,dbvqjyrqpij
852,1,193,5,fqlpouonsyrg
853,10,647,8,unhstdkagtar
854,9,397,1,ihumxkxhsncylkmi
855,6,196,3,akhayauyrfbpjumx
856,5,853,4,uiohbjtbcenapic
857,2,952,10,jjdytfcaldtw
858,1,893,4,helxxiaasovrbivjwu
859,1,889,5,sftijlibhfqvukq
860,2,720,8,kpfcntopaxokm
861,3,584,3,djdxewrotqaol
862,3,376,9,ywobcmgqbojbvcdwx
863,7,590,8,wifgtpuhstmlbpa
864,5,82,4,aodgdftxtqpaefb
865,10,392,8,ldojoifhbtorxyudwls
866,2,753,8,anckcqsyigtqkfhrct
867,10,935,6,yaubovhgxeadwuenn
868,3,682,10,jueiuwbailtjxoexv
869,7,492,5,pcjdmybcpxvgekne
870,5,502,8,knwmgmnbuybbnea
871,6,377,8,lwtmydqosfqcy
872,5,198,5,djrfqhouejhng
873,8,94,7,rfxyaixcnalkoujwn
874,7,886,4,cmhfjvmwkjr
875,6,378,1,raqrhyytldfsjayjiqd
876,9,417,6,lxxasqjgjxrilinht
877,2,990,5,ffqfwhyofuwarfso
878,2,951,5,wkcfgaqnfwq
879,4,668,2,aqjqdvlmggqi
880,9,108,5,oivtyragbxjokhg
881,4,744,4,auvefqwenithm
882,8,188,1,wiwyxhwcqncncujo
883,4,496,8,ftcqmntutn
884,5,116,9,tygvfiddomsbeld
885,1,990,8,pjgcnhoiodhfsblnjt
886,7,619,1,rnqioocnwospglxulu
887,6,158,3,djgsjibvbkesdnuf
888,2,70,4,ravbciywomalc
889,7,627,5,wvvkgkhgpkv
890,9,109,3,fcsfmoknqphjappcefl
891,7,541,4,bihmaorhhxc
892,10,207,6,gjptdpwoebuhi
893,7,440,1,wnuolgqoxropteb
894,1,196,5,uespfebiqgq
895,7,705,8,nrojtjkkfxqocrs
896,4,662,4,exbarvclmvcyxttq
897,1,793,7,hbafoxhwrohiqdstot
898,7,265,3,atbrpsnreboxtvdys
899,3,813,4,arxxhftamyoywfruwcq
900,10,740,5,cntmipanhvannjdwt
901,3,867,3,qjbcfewkvxu
902,6,369,2,oqerccgcpkoeqam
903,10,771,5,duolsujncn
904,6,690,5,iashuvbxwoowdnaqn
905,7,723,7,fbqcektrybssyouscf
906,6,966,4,ikadimsiyxkebpadb
907,8,302,3,eekdirvtrnihd
908,5,884,9,ehpqmshjmtr
909,7,475,9,kwpnjkqnbflkoh
910,9,449,10,cxddnfpccl
911,7,928,9,siytwvxukux
912,7,646,2,vpglprwubsxt
913,8,792,5,ohdwytrtpcjvs
914,9,350,5,bxfsnpytywjtyncm
915,6,958,10,innocfqgaiavuuupg
916,8,391,3,ikrcccbustgjymchpn
917,2,149,2,lxnadsfbfc
918,1,394,1,nqmkbnisjkg
919,10,514,9,qitdmblljlklbed
920,7,299,7,sekumkrjbhfjmwukcl
921,7,782,7,yqxtdcysisgkeg
922,10,358,8,qfyvhngunjdwhjae
923,2,944,1,nwgcwitycykuxd
924,6,235,9,ptfccnbspusuhko
925,4,413,10,lcohgpecmyqmso
926,10,188,2,yilxmdrwtlvxglag
927,9,449,5,kmuvofwxaxnsfkd
928,5,45,1,fofiuminsnrgujwugd
929,8,412,2,ihjcenqmpvk
930,2,399,4,bucgyqvmhpgqqpebiq
931,2,217,1,nqsubdedptqdflfi
932,6,479,6,fbqrlaotsrutq
933,8,871,5,rhvhxovxvgi
934,9,589,10,ppnbyglhppqjrjuvfdh
935,9,242,8,uotwtcjwfxoodytpogq
936,1,797,4,fryiluwkkal
937,10,18,5,ttcmiqgqowqv
938,10,109,7,tnxsosoapolhh
939,7,264,5,ydbdemfhkuym
940,10,771,3,xrbxmjagcbkkoaiagbc
941,9,289,9,kyeapaikvaaubxucli
942,6,140,4,rmqsmcxvqljdjaathr
943,3,430,8,lihpgdqfxmnnbdvlpg
944,5,818,2,txnjmaxqcopw
945,3,90,5,ukfcnvpdishgqhpsy
946,7,822,3,xojeabxrluqhynjkcfo
947,1,185,7,uufqgexeallufkpimu
948,1,222,2,xuqrayrxnebqavbyo
949,4,256,10,ihhlxkribwl
950,5,117,6,tlocpufguv
951,4,39,7,lellghfpilkqxjvddyg
952,2,850,6,nfqadbmwoiujw
953,10,399,4,dctcjcwsnhbdlxrfl
954,1,367,6,qncnksfidkjtlf
955,9,428,3,wxfopmvkask
956,4,185,4,tcqlnpexrbokkdt
957,5,186,1,gelnsutcvsmyc
958,8,84,5,pghhhsxcokllh
959,6,812,7,fqtymavyrpm
960,3,683,10,ualixmmgdh
961,3,562,7,hfitumwovgighffeta
962,3,266,10,gfmvvocsmdfw
963,4,388,9,incaaelxicuasb
964,10,633,2,xgbtrunyyoxoe
965,5,810,8,nlosklgqukxbiptakiu
966,10,366,8,ftptsbmwxjqwcd
967,6,559,10,pnosqxqyrlhbhmbrjj
968,9,598,6,gxlvbjrahosmvqjv
969,5,253,7,vtmolwihokppu
970,2,249,5,lxxcpooecdqrycowx
971,4,534,8,ffpsbhdsiuuwvhvisl
972,1,652,7,krtlpslckarqsc
973,3,536,2,hvlrtcjoivmc
974,1,68,10,mmcwnllxmwy
975,7,842,9,txlwjspikdkcuomloh
976,2,525,3,qmentlcxmnbpjxcaq
977,2,329,8,xdwqnumwrwrgt
978,4,163,1,swumqpylelxtn
979,7,416,4,lodahrumlypblwvho
980,8,271,4,tkulithvwgsgytnf
981,10,663,8,nivpmonkeahumx
982,10,170,5,vgpiprcsjwcmyptyps
983,3,745,6,gktwgeyicu
984,5,252,4,oiroqvvesj
985,7,995,2,ybioufovcwsam
986,10,172,6,lonypmfrxrgj
987,10,329,10,rxfuffsshgqipqrax
988,6,274,1,ndyduarrfktf
989,10,538,9,mwpffmrgxtxw
990,1,27,10,xnetisnmmtpyvhh
991,8,805,5,uenpxarebch
992,6,684,8,dgrwcleldodk
993,9,223,8,hnxrosjtqiecef
994,1,480,6,pshdqjtvjnksvpongfx
995,10,630,1,qfojvuobtyuide
996,6,533,1,iuvqdygfjpop
997,7,141,5,ajwqqcwjua
998,8,636,3,iurlstttmegpihj
999,1,521,4,fvyyistexutqv
1000,8,187,2,lwhixrqflwqvpsnfcik
